LOAN_ID,DEFAULTER
3686224,0.012178151725285654
3686225,0.05438930632182108
3686226,0.03274745429868949
3686227,0.022403447489916822
3686228,0.01190574329936855
3686229,0.02344210969747917
3686230,0.08106994353510551
3686231,0.04175939669388721
3686232,0.040014585674755576
3686233,0.025477128188626425
3686234,0.012273886254624777
3686235,0.017594570380249516
3686236,0.05398229904960479
3686237,0.8626724945137791
3686238,0.012672614039577876
3686239,0.9273469652433296
3686240,0.09008997200318154
3686241,0.9789880375455874
3686242,0.06575430927451748
3686243,0.3988137604537047
3686244,0.529253058903058
3686245,0.5410654555866622
3686246,0.20516130893698875
3686247,0.022005572163560874
3686248,0.21651837599895196
3686249,0.01533571679571167
3686250,0.03203903789565646
3686251,0.05420733575646347
3686252,0.07463409976146906
3686253,0.028334828210523015
3686254,0.9979256198782277
3686255,0.15121365957818386
3686256,0.05174018225542393
3686257,0.034063243875348634
3686258,0.04258624343487806
3686259,0.011297949230173156
3686260,0.435713982901105
3686261,0.7483977249230218
3686262,0.8330733767560555
3686263,0.06885088525147656
3686264,0.016039692766609402
3686265,0.10785096792028474
3686266,0.890257554775823
3686267,0.06968010035838917
3686268,0.017420382348919364
3686269,0.09038525801960767
3686270,0.7631199032148444
3686271,0.02630344738227443
3686272,0.012552502230924273
3686273,0.049390920637477256
3686274,0.051140397421382724
3686275,0.012131735741619886
3686276,0.760833075995409
3686277,0.8410462580848851
3686278,0.6730253623110886
3686279,0.9044034613348055
3686280,0.013790464655788941
3686281,0.03627848918767143
3686282,0.03365340819951521
3686283,0.023932161103326955
3686284,0.9066887237264952
3686285,0.17032774616736318
3686286,0.019437461173602236
3686287,0.03867748708105035
3686288,0.9106081227323775
3686289,0.5358402648281629
3686290,0.2899911921259368
3686291,0.016771046622827454
3686292,0.04600595569730334
3686293,0.9538862630190454
3686294,0.044373973383856555
3686295,0.04449364233645001
3686296,0.15165775737064702
3686297,0.018061362761495815
3686298,0.13747122440684453
3686299,0.012506487862146264
3686300,0.008875937379633847
3686301,0.13195663258535553
3686302,0.028116306900711083
3686303,0.01859768159737523
3686304,0.014195070230152637
3686305,0.04564288894123275
3686306,0.02068196867261728
3686307,0.4823447703192319
3686308,0.021623285854966173
3686309,0.003757005235569285
3686310,0.013292841779658136
3686311,0.3061702889790773
3686312,0.030763539486485844
3686313,0.03430048036010801
3686314,0.013751681703369358
3686315,0.8126109502111416
3686316,0.027813049154860256
3686317,0.01669991743201198
3686318,0.022926702698015847
3686319,0.043743896827235354
3686320,0.05810428684514695
3686321,0.01626133175125197
3686322,0.015579105988900997
3686323,0.020487977273153116
3686324,0.010204426056211444
3686325,0.019810965484955825
3686326,0.13428292085685045
3686327,0.9657966216761151
3686328,0.016616067657677078
3686329,0.008907556870047767
3686330,0.014099791863391277
3686331,0.022018396784563132
3686332,0.9115051150032245
3686333,0.10229796680491382
3686334,0.012868191351037027
3686335,0.010351514485136175
3686336,0.011644021686103578
3686337,0.8856744382634054
3686338,0.8631381493297072
3686339,0.026157690210729657
3686340,0.8565779690542166
3686341,0.02347763929767733
3686342,0.08622288225122884
3686343,0.01355499832860628
3686344,0.08430959383088736
3686345,0.025515485820450046
3686346,0.02221565308395055
3686347,0.07235469207782715
3686348,0.09903669934542433
3686349,0.018281285645827913
3686350,0.03024504806270639
3686351,0.05326978113181663
3686352,0.014322869948587457
3686353,0.029424210326456493
3686354,0.12736424420137932
3686355,0.8235825443798018
3686356,0.018393861098083428
3686357,0.11745286723515597
3686358,0.022796672757934143
3686359,0.18693642611313108
3686360,0.34212483356653023
3686361,0.02664675130304949
3686362,0.03721636419344272
3686363,0.03787483173578317
3686364,0.1397478185071028
3686365,0.4246791508289264
3686366,0.2257480127235748
3686367,0.014848022760181169
3686368,0.04502602381780918
3686369,0.08980323611916041
3686370,0.1700685884524384
3686371,0.37692581865817854
3686372,0.06683947452087055
3686373,0.09903398103509108
3686374,0.01199106444912019
3686375,0.24144171880965185
3686376,0.1361710190472002
3686377,0.061583341053972264
3686378,0.07882320479884503
3686379,0.8506348662167555
3686380,0.058845829007705366
3686381,0.009721639417850154
3686382,0.015250145401827868
3686383,0.007791904149370407
3686384,0.0217269706302005
3686385,0.07236117277699819
3686386,0.20489657351699922
3686387,0.025876342369502765
3686388,0.11010829737649891
3686389,0.3453419856939521
3686390,0.6645719304313277
3686391,0.05669955327452898
3686392,0.0799481357863583
3686393,0.01426249754251093
3686394,0.020544329206373408
3686395,0.03181459142850402
3686396,0.847637780658152
3686397,0.017805324585123253
3686398,0.024361490210982058
3686399,0.01863596524365361
3686400,0.1052614058002961
3686401,0.03678505322872096
3686402,0.1271439098289459
3686403,0.11588376880025088
3686404,0.11842601100935211
3686405,0.013669237972433653
3686406,0.028257514144522038
3686407,0.017658595922299028
3686408,0.009986185143669063
3686409,0.0612348302935035
3686410,0.017071118253115414
3686411,0.025126147979290556
3686412,0.017206629989684648
3686413,0.46622928686259374
3686414,0.0850222898641716
3686415,0.014787156355937605
3686416,0.028070469484125633
3686417,0.015815713340464076
3686418,0.2937623866688782
3686419,0.012663725895790637
3686420,0.2937391204028192
3686421,0.030715325588582372
3686422,0.015230571068114644
3686423,0.40025176705441085
3686424,0.9512235116103411
3686425,0.8056821062756283
3686426,0.042205519019329826
3686427,0.1354957579070891
3686428,0.6420452257873539
3686429,0.02676656282329748
3686430,0.01786649910680166
3686431,0.06559573586113301
3686432,0.05689034368129896
3686433,0.013725322289275988
3686434,0.8880747816298308
3686435,0.06532798953648715
3686436,0.04516858103784962
3686437,0.030499767218329088
3686438,0.04794545393899981
3686439,0.31068819308441514
3686440,0.025651858840109062
3686441,0.14290762402968543
3686442,0.01905960242834729
3686443,0.06820375815694125
3686444,0.0404501612742872
3686445,0.24910222828785783
3686446,0.024453392016172946
3686447,0.9228241780533799
3686448,0.0183078311384633
3686449,0.8489884912512182
3686450,0.025660098589769077
3686451,0.01629188640367603
3686452,0.10206556980845055
3686453,0.15349276254128194
3686454,0.02479031550555195
3686455,0.011189956532465996
3686456,0.07820221081438217
3686457,0.053026856151031
3686458,0.04304380284351074
3686459,0.050730827694649684
3686460,0.020203628976974974
3686461,0.014368189597184021
3686462,0.34071862182335666
3686463,0.02723919005363954
3686464,0.035076607306636254
3686465,0.996139612245748
3686466,0.009734394700118833
3686467,0.036515110729747044
3686468,0.015161501301539114
3686469,0.04152092177011571
3686470,0.031234307746866884
3686471,0.020321830153444687
3686472,0.5249789458767846
3686473,0.017048641112761005
3686474,0.2712802429543039
3686475,0.007909602548737796
3686476,0.03622892796661224
3686477,0.017595358309401034
3686478,0.041198589298454165
3686479,0.057251399615762824
3686480,0.9038413209987383
3686481,0.03517200189967199
3686482,0.1190407712987438
3686483,0.04805331642125772
3686484,0.015419687398131966
3686485,0.00844880341205614
3686486,0.02991471152548941
3686487,0.8065171537566228
3686488,0.9480128622801733
3686489,0.018401303298655976
3686490,0.9309925966986548
3686491,0.8574894111985852
3686492,0.13348945405339918
3686493,0.027736962756607374
3686494,0.033939382449368796
3686495,0.055464252360346536
3686496,0.027152611000778332
3686497,0.02469804913263055
3686498,0.6794212258213836
3686499,0.10987448302253601
3686500,0.05661583605636792
3686501,0.7830387244468545
3686502,0.012516165167313466
3686503,0.5493373318814216
3686504,0.15859795521463893
3686505,0.2520540673162967
3686506,0.21522419005139992
3686507,0.019969335478967183
3686508,0.22963793388111067
3686509,0.020896304957266555
3686510,0.0415793465740421
3686511,0.025695443324080615
3686512,0.008214862255565718
3686513,0.19453516520597647
3686514,0.08633642426476272
3686515,0.9820242946067247
3686516,0.05539590572943559
3686517,0.11689566514388378
3686518,0.022644801092653495
3686519,0.062056468133056944
3686520,0.016370654865430552
3686521,0.982529546676081
3686522,0.7381372520303164
3686523,0.0319830294666
3686524,0.04748727032858652
3686525,0.05441976912752151
3686526,0.01794306567770592
3686527,0.03188192755941402
3686528,0.015631203634300036
3686529,0.9463002684565669
3686530,0.07309829203949314
3686531,0.0510154991382137
3686532,0.17241600240929217
3686533,0.0546946083776951
3686534,0.4365688791889983
3686535,0.05820192549376048
3686536,0.4240853228757901
3686537,0.2893246025405034
3686538,0.0441053370919217
3686539,0.5537357721753678
3686540,0.04839417694349272
3686541,0.031235115591508864
3686542,0.18535145522426302
3686543,0.09538219567620493
3686544,0.38037146246174874
3686545,0.5776027795942591
3686546,0.13428507187926486
3686547,0.12369610744637508
3686548,0.02352830661722185
3686549,0.015621678463138595
3686550,0.8099642387056848
3686551,0.15609882174153247
3686552,0.024711277955555083
3686553,0.030751928736816824
3686554,0.6608280132568781
3686555,0.03037561495378709
3686556,0.07488818327902477
3686557,0.06557075017251096
3686558,0.8815722006090431
3686559,0.01219948660924398
3686560,0.06647425895634106
3686561,0.022498782660035625
3686562,0.027214507032520763
3686563,0.04334903713769954
3686564,0.04716909588583079
3686565,0.9058848398511812
3686566,0.04047969847488857
3686567,0.01992465741779676
3686568,0.1270240649934788
3686569,0.03491867733742754
3686570,0.025053045560765982
3686571,0.2941474221624012
3686572,0.014870549331975924
3686573,0.0334924958972167
3686574,0.08514344211375041
3686575,0.02380198212335393
3686576,0.14037682145398256
3686577,0.018653385803733883
3686578,0.013722002421860726
3686579,0.014123896724082806
3686580,0.07835318373898605
3686581,0.03401770616730834
3686582,0.8051782780226482
3686583,0.005496538101963442
3686584,0.8682388176985317
3686585,0.015959926208116405
3686586,0.008498042866314393
3686587,0.1465772697742087
3686588,0.9388492272933289
3686589,0.038269234154403475
3686590,0.08739187473606602
3686591,0.023626817931674707
3686592,0.03815737131563417
3686593,0.015784982860702727
3686594,0.37366427066533564
3686595,0.010788014348806337
3686596,0.06307242721907703
3686597,0.017660432392201768
3686598,0.08362788997079004
3686599,0.022222674885027223
3686600,0.05709067047821983
3686601,0.025398766262229745
3686602,0.006931555822746242
3686603,0.4584507574277501
3686604,0.017646436212270595
3686605,0.011868011787129863
3686606,0.008252217881550327
3686607,0.011425111261543589
3686608,0.8482124112658294
3686609,0.055184114519753635
3686610,0.02554445883901898
3686611,0.02669265543710623
3686612,0.03961062664572376
3686613,0.9531405862496567
3686614,0.006317395144213713
3686615,0.1718427786968485
3686616,0.29458650045545526
3686617,0.024120640650991187
3686618,0.6662862157638859
3686619,0.40888085677183106
3686620,0.015126006306304583
3686621,0.4264757489943459
3686622,0.061956522777180084
3686623,0.7457650308401186
3686624,0.025119454758766223
3686625,0.019328980608304847
3686626,0.014986292840267123
3686627,0.0217426202334893
3686628,0.7769832900598646
3686629,0.0435723013816412
3686630,0.028656101106234504
3686631,0.13412530176884377
3686632,0.01894526770355616
3686633,0.011744827320847296
3686634,0.009929950062522796
3686635,0.021588080236550025
3686636,0.07220691444346239
3686637,0.023857705148233415
3686638,0.07388259064783036
3686639,0.2366307338711229
3686640,0.04508709452368201
3686641,0.029028233938520692
3686642,0.06911638453400583
3686643,0.07773252412699538
3686644,0.38538423717027315
3686645,0.01715783967927125
3686646,0.7192799451133266
3686647,0.6228595701398429
3686648,0.5572161967299005
3686649,0.030869078700654532
3686650,0.038820161308445005
3686651,0.019363921199048208
3686652,0.025455478066050048
3686653,0.10506211962023176
3686654,0.6409503533712444
3686655,0.5111929240237632
3686656,0.5957616912554191
3686657,0.10094645763217117
3686658,0.045605829841846565
3686659,0.9322277769632339
3686660,0.03288371666997472
3686661,0.018581873552336044
3686662,0.015844476109015286
3686663,0.01164971048813758
3686664,0.16685036423902047
3686665,0.9087200873066386
3686666,0.02667597008994293
3686667,0.07419984194794194
3686668,0.014960211190765795
3686669,0.06950579181589656
3686670,0.21531654024160235
3686671,0.014027210097176383
3686672,0.12018926536084756
3686673,0.8900118038819954
3686674,0.04959081856763589
3686675,0.14271051733334172
3686676,0.017425778861309034
3686677,0.019326430399244227
3686678,0.022911406247323483
3686679,0.05757966123053768
3686680,0.038310620909989226
3686681,0.09292330885256136
3686682,0.034608437940581535
3686683,0.9486517884485708
3686684,0.40064256670519255
3686685,0.8821635321728561
3686686,0.11228801678694433
3686687,0.5097389851862784
3686688,0.02361610443895226
3686689,0.006913466400760208
3686690,0.8025889883957894
3686691,0.041035179388620745
3686692,0.011465468533302044
3686693,0.025262758684470143
3686694,0.022643061067036223
3686695,0.8808556550306227
3686696,0.008163364150807192
3686697,0.10318220945171573
3686698,0.12208764464830302
3686699,0.1835263540344733
3686700,0.020672397614593944
3686701,0.0650593294779846
3686702,0.04910251539027196
3686703,0.038272133909576664
3686704,0.7663799511099071
3686705,0.022435795169814567
3686706,0.8614190064573308
3686707,0.18775102136785074
3686708,0.49031209770472006
3686709,0.009759254810174029
3686710,0.007994555777220856
3686711,0.03067869440672531
3686712,0.00732731060352192
3686713,0.022258794822143504
3686714,0.20178382629342234
3686715,0.016041761837431043
3686716,0.04550602427226102
3686717,0.9192801312506805
3686718,0.025843409653804807
3686719,0.020849803161218677
3686720,0.014806912206459836
3686721,0.023763257844248317
3686722,0.09751820431618505
3686723,0.01582794736014812
3686724,0.10894967803443885
3686725,0.0736333804898658
3686726,0.04797287547825886
3686727,0.023830208052163793
3686728,0.013949578704306277
3686729,0.6001763333750417
3686730,0.02677778003502128
3686731,0.012583757102630422
3686732,0.03214493066415246
3686733,0.06013989989486724
3686734,0.04491283672013964
3686735,0.03148995514221127
3686736,0.783352557271909
3686737,0.026593963440528882
3686738,0.007638780794006098
3686739,0.016013765744982006
3686740,0.011595067815928513
3686741,0.04569341025011666
3686742,0.0329818463179048
3686743,0.24285022481602558
3686744,0.0153102917518318
3686745,0.42928886403145866
3686746,0.03071940970172906
3686747,0.49276339201566083
3686748,0.023178646857071036
3686749,0.00922641104924444
3686750,0.916680382743833
3686751,0.8978557224586053
3686752,0.9102669016396848
3686753,0.00825075617391321
3686754,0.02049846429911612
3686755,0.07391331518506945
3686756,0.5600886987936387
3686757,0.10130597593839379
3686758,0.007743201406727924
3686759,0.930457054066566
3686760,0.7836917027868011
3686761,0.2866787562327498
3686762,0.005109846420789264
3686763,0.6373380095718717
3686764,0.01820389365330781
3686765,0.03013995045253861
3686766,0.00768460389518837
3686767,0.4771230377434288
3686768,0.016391697734075714
3686769,0.06570921673569524
3686770,0.019443918338534382
3686771,0.008433372912695724
3686772,0.17352280141206694
3686773,0.060083740066221664
3686774,0.045979249588901025
3686775,0.789516828402625
3686776,0.02461372525019339
3686777,0.03548945791358278
3686778,0.013896439011106071
3686779,0.010991280767595809
3686780,0.0300999529560325
3686781,0.9048086277147294
3686782,0.9582618522283404
3686783,0.3512884735816596
3686784,0.33775275578302044
3686785,0.0164080011399486
3686786,0.01855458338901929
3686787,0.04424817827779271
3686788,0.013013554155390746
3686789,0.01642580184981207
3686790,0.04506944662073841
3686791,0.01499971890722145
3686792,0.022101760407164453
3686793,0.05883086729771214
3686794,0.02319184918420621
3686795,0.015008093730608182
3686796,0.011331958326788431
3686797,0.012812104399543117
3686798,0.03430722046342168
3686799,0.015304909107700552
3686800,0.027525340700355883
3686801,0.03454532472531495
3686802,0.01768126284164501
3686803,0.04155011733473429
3686804,0.9369740121596141
3686805,0.02456221766655243
3686806,0.04941505835539661
3686807,0.016673482867054227
3686808,0.017130791105830406
3686809,0.06243569170128524
3686810,0.014376793832439422
3686811,0.019388217904160815
3686812,0.6479299635246419
3686813,0.03194702188660746
3686814,0.016680437763930335
3686815,0.06972360291833837
3686816,0.013843680870842572
3686817,0.8425648335730791
3686818,0.021288367016741014
3686819,0.04991698191712379
3686820,0.9382081545439014
3686821,0.053698604602692344
3686822,0.4023936343345309
3686823,0.01807059175443579
3686824,0.06381381220097705
3686825,0.12453205790990388
3686826,0.016202652151954905
3686827,0.00914959318526496
3686828,0.09751038867134354
3686829,0.0377408318328195
3686830,0.02720701582685265
3686831,0.44867474025888066
3686832,0.08920414463058554
3686833,0.020586556585240647
3686834,0.931594399689337
3686835,0.013729457020423183
3686836,0.010649487983833349
3686837,0.43856605444658275
3686838,0.010451364479256747
3686839,0.5513320294036217
3686840,0.36163754833650524
3686841,0.1108808394227006
3686842,0.017762627988311127
3686843,0.026654702684687327
3686844,0.01291302956148789
3686845,0.0242004405594321
3686846,0.010907895216863268
3686847,0.007074985487345841
3686848,0.019942532477166965
3686849,0.04740512355448285
3686850,0.023903705540431808
3686851,0.03968775299341152
3686852,0.8030124491423487
3686853,0.025887563448651195
3686854,0.056031655649090226
3686855,0.03648222199648773
3686856,0.12767797467519432
3686857,0.9956378950907847
3686858,0.0105653337895419
3686859,0.036847075737064965
3686860,0.010297176113980996
3686861,0.16493001850300623
3686862,0.06016794474979141
3686863,0.017360938141478856
3686864,0.03388465927485725
3686865,0.028893035258386265
3686866,0.2232651800870044
3686867,0.06169435969962897
3686868,0.2789355077093983
3686869,0.04314334168750987
3686870,0.08086197458182139
3686871,0.6705701747524733
3686872,0.011785037429680255
3686873,0.04133412410753874
3686874,0.020654167461172497
3686875,0.7005744960165147
3686876,0.04506258031626906
3686877,0.9450029136508745
3686878,0.8928943401472108
3686879,0.01274724658344331
3686880,0.9253265707972943
3686881,0.008842632639444473
3686882,0.009065965693078326
3686883,0.03388808609130155
3686884,0.007288474157865817
3686885,0.026212618864568087
3686886,0.6508432183598469
3686887,0.00847869680422968
3686888,0.032945897353903526
3686889,0.9719575419281483
3686890,0.006562866056682635
3686891,0.026664307727246168
3686892,0.2233830069693824
3686893,0.6721179084245597
3686894,0.04759988957365266
3686895,0.14158211318791086
3686896,0.981739052069171
3686897,0.7445948212045345
3686898,0.24045100690727253
3686899,0.01945577402495602
3686900,0.06278119464674149
3686901,0.006930637453979635
3686902,0.4658507853316282
3686903,0.027164995610415146
3686904,0.24992735921353207
3686905,0.0227320979752205
3686906,0.02695886478341858
3686907,0.05021547721634831
3686908,0.04498589590543906
3686909,0.09019331194514273
3686910,0.017924245729447917
3686911,0.09267237293451316
3686912,0.016958685620216036
3686913,0.019201272618703427
3686914,0.021904535010973142
3686915,0.1359365379810042
3686916,0.10004268508825774
3686917,0.04335167104368991
3686918,0.5387260959647536
3686919,0.02069609284511291
3686920,0.03653766149299817
3686921,0.01576079946707406
3686922,0.05906007477693416
3686923,0.03226757450274509
3686924,0.06817399878518898
3686925,0.03748349577825034
3686926,0.04796700293940109
3686927,0.014962050411907504
3686928,0.285970884002737
3686929,0.8249143119838023
3686930,0.7128989219292721
3686931,0.8372634723256858
3686932,0.3996974556183577
3686933,0.003917948652122761
3686934,0.013072715619959131
3686935,0.4533215736946429
3686936,0.010033849669865248
3686937,0.596072358935084
3686938,0.013851952503092822
3686939,0.039615724445852527
3686940,0.1709084333395487
3686941,0.01982802176291165
3686942,0.012210024077489293
3686943,0.07929365523034082
3686944,0.061789731237421985
3686945,0.02602292679018026
3686946,0.234243874656202
3686947,0.018569656767165432
3686948,0.024716795191021577
3686949,0.0788503357764973
3686950,0.01247294709340666
3686951,0.08409142100581998
3686952,0.04471065010633879
3686953,0.02536877589699457
3686954,0.012468090647000343
3686955,0.013470750300396602
3686956,0.48730614793475135
3686957,0.06413880206972895
3686958,0.12058347852954296
3686959,0.04884692042401338
3686960,0.21788763415074555
3686961,0.04248593451205784
3686962,0.023849865947317972
3686963,0.06125528925391409
3686964,0.049597125683482415
3686965,0.2228716290522946
3686966,0.050210012282444635
3686967,0.10793192904293199
3686968,0.07893835835032353
3686969,0.07120537293824737
3686970,0.05811754087754692
3686971,0.07075743175581779
3686972,0.009544500618265499
3686973,0.012477609937063346
3686974,0.013041643423662007
3686975,0.02239722078185348
3686976,0.024129890789965705
3686977,0.12282760397929694
3686978,0.29637400340764203
3686979,0.022631033415592167
3686980,0.017213785461359557
3686981,0.10229047202145003
3686982,0.015416300732326365
3686983,0.24479329970614938
3686984,0.10374399300162432
3686985,0.06520174206767966
3686986,0.01376395150000275
3686987,0.33881714304173727
3686988,0.026936131589251268
3686989,0.12667336971584056
3686990,0.10935981903427483
3686991,0.7433862398732692
3686992,0.49931266698280835
3686993,0.005570638498343125
3686994,0.29611245495781097
3686995,0.042249177297563785
3686996,0.648964987491611
3686997,0.8241628591100996
3686998,0.7719812531228042
3686999,0.2782938491268786
3687000,0.009916890372455293
3687001,0.036438679912119416
3687002,0.9505133593579613
3687003,0.6781114260205878
3687004,0.02732483359040297
3687005,0.7831182227395731
3687006,0.03579361392979466
3687007,0.8216800730511048
3687008,0.009736994003143765
3687009,0.019045638950439092
3687010,0.27094257590933174
3687011,0.02055888114570282
3687012,0.021859252822397368
3687013,0.05079799520589998
3687014,0.010128242871611143
3687015,0.011589993311953387
3687016,0.06055155065779121
3687017,0.06785039999908475
3687018,0.022569773421899662
3687019,0.03260827504694033
3687020,0.01417539046807148
3687021,0.09480649969293667
3687022,0.21427582225389064
3687023,0.026428246981210705
3687024,0.019189627724260715
3687025,0.020982046661201972
3687026,0.201797555914617
3687027,0.015615080324769562
3687028,0.14893281898394634
3687029,0.027338210696278037
3687030,0.6338641473828118
3687031,0.022920871320555515
3687032,0.027222479827282698
3687033,0.6449156471427235
3687034,0.011944176977030808
3687035,0.017918168326347635
3687036,0.02841808076669132
3687037,0.016148631184310782
3687038,0.0573541034765559
3687039,0.8191318056796129
3687040,0.08324332997359933
3687041,0.5241476950444742
3687042,0.014430265502590793
3687043,0.013473837377896428
3687044,0.18044202267072124
3687045,0.8004652888741013
3687046,0.4835545192343387
3687047,0.011173582730530672
3687048,0.055905511760700355
3687049,0.9165109147545659
3687050,0.01683864670224628
3687051,0.05739148697394972
3687052,0.04981094726019546
3687053,0.011901435675690127
3687054,0.06621327261615675
3687055,0.032310130439778297
3687056,0.017637473299114716
3687057,0.30033807345095687
3687058,0.03074637262168095
3687059,0.6175438273799104
3687060,0.060000750514070805
3687061,0.022336463765115687
3687062,0.007479475067975254
3687063,0.026412032274743324
3687064,0.015125029738771598
3687065,0.01995733534557462
3687066,0.04845114405045413
3687067,0.11545989123495151
3687068,0.13909839635628435
3687069,0.433931637582224
3687070,0.819719904378119
3687071,0.9742216241057559
3687072,0.8138792500852384
3687073,0.10290791393728739
3687074,0.28472323947979133
3687075,0.020051852162618893
3687076,0.11920258907974374
3687077,0.04307239008459862
3687078,0.9903803707770036
3687079,0.06526874478641245
3687080,0.40840408138880036
3687081,0.0548778214505653
3687082,0.33630725339369494
3687083,0.04885651172778491
3687084,0.01644373893545837
3687085,0.024974745314147184
3687086,0.02981100712816512
3687087,0.008375695868791107
3687088,0.020833649654532833
3687089,0.04440984180061376
3687090,0.032692295535099836
3687091,0.010900206658580698
3687092,0.015655260136867518
3687093,0.033059533118786434
3687094,0.14743372182178466
3687095,0.015474056273633893
3687096,0.24247914025406014
3687097,0.0587408809725733
3687098,0.9460580640549634
3687099,0.03520798218370087
3687100,0.021005079151023537
3687101,0.016453322299251637
3687102,0.018462882652337205
3687103,0.07489440728582193
3687104,0.01864886055443211
3687105,0.07797288252429732
3687106,0.30067719672491744
3687107,0.010357686539074836
3687108,0.018601112909439506
3687109,0.08090359614798885
3687110,0.5285366489263716
3687111,0.6963955970020971
3687112,0.23948416051553167
3687113,0.011663459923296385
3687114,0.04180277924562212
3687115,0.0172766369952708
3687116,0.03887011366623623
3687117,0.03913797437993386
3687118,0.8832180897280671
3687119,0.029792683433924508
3687120,0.07072920414515178
3687121,0.44582167537574063
3687122,0.06467510241287877
3687123,0.4053271742041866
3687124,0.04043035424738628
3687125,0.22201669812517105
3687126,0.027327049495381794
3687127,0.011545773473353659
3687128,0.6828533934335016
3687129,0.024946242216390246
3687130,0.009154383517043447
3687131,0.8961646846820115
3687132,0.025065787457986797
3687133,0.005679818615188202
3687134,0.05628298234678397
3687135,0.02191432515321496
3687136,0.022542841516767602
3687137,0.01779062927783219
3687138,0.7374480064176753
3687139,0.02355290164603574
3687140,0.036971662935249124
3687141,0.02778856000055102
3687142,0.9072738404279764
3687143,0.02664979485892608
3687144,0.26452910366695864
3687145,0.019935025393459215
3687146,0.2057597439504344
3687147,0.1174045963933302
3687148,0.026147292943281004
3687149,0.006908545008201041
3687150,0.14923136495478603
3687151,0.05301382457895608
3687152,0.035106352530971614
3687153,0.07675533461443843
3687154,0.03892313520901922
3687155,0.8122363878319483
3687156,0.6492701359358024
3687157,0.09145866949828477
3687158,0.9354190760129109
3687159,0.009923498667266571
3687160,0.09186630492023548
3687161,0.6981592716619155
3687162,0.017606831914778444
3687163,0.8321982903213369
3687164,0.05366967614194465
3687165,0.015440675367138279
3687166,0.020040432230405678
3687167,0.06926623784548479
3687168,0.9525515787624939
3687169,0.028398093410355353
3687170,0.01706154657842938
3687171,0.014295083824415529
3687172,0.015178661919239752
3687173,0.3440086317647652
3687174,0.030721369553503713
3687175,0.009350522993015125
3687176,0.012475095372873729
3687177,0.05094678088528283
3687178,0.09635265020258936
3687179,0.058573931511331126
3687180,0.010152456680847103
3687181,0.7583900906541685
3687182,0.07404218371487234
3687183,0.010038817044015453
3687184,0.47555219967674534
3687185,0.019668164152909565
3687186,0.009047103746642809
3687187,0.060676281262334215
3687188,0.1704092145299489
3687189,0.10809669913742442
3687190,0.0057352207827720825
3687191,0.013739074516064464
3687192,0.4920842831988662
3687193,0.09077015591704639
3687194,0.018483955342601027
3687195,0.009429698966949706
3687196,0.048366485657478184
3687197,0.009387342182907482
3687198,0.9212123238588016
3687199,0.04398537291406836
3687200,0.8599125512407719
3687201,0.01997209488285295
3687202,0.015734290973956816
3687203,0.014259697602822148
3687204,0.01685194764937964
3687205,0.3877901363016658
3687206,0.07351943537407873
3687207,0.07662753192281488
3687208,0.03297574875679708
3687209,0.03144398350620382
3687210,0.01999043427070284
3687211,0.0797550789901174
3687212,0.8915901105071438
3687213,0.47733745510155234
3687214,0.8620501412969801
3687215,0.867713059893043
3687216,0.6489832759786572
3687217,0.7498057355153909
3687218,0.7358457283466845
3687219,0.10033008012244632
3687220,0.011759239129806988
3687221,0.008195277589511519
3687222,0.014215275113852044
3687223,0.8819217300313548
3687224,0.49585619647971135
3687225,0.02495156359307471
3687226,0.010863369450599687
3687227,0.8504084076726169
3687228,0.9255918838483721
3687229,0.09603915894931692
3687230,0.01069536625667878
3687231,0.29144707802591074
3687232,0.021526538766500493
3687233,0.01932420848278639
3687234,0.3299927745827383
3687235,0.0471771825703772
3687236,0.08123403494711104
3687237,0.0449718857320466
3687238,0.04569142096158057
3687239,0.012337049597780305
3687240,0.02661172560119802
3687241,0.6870013460696828
3687242,0.056843239280437316
3687243,0.010441335469490845
3687244,0.9630935737693964
3687245,0.1438546304032132
3687246,0.11191912957098045
3687247,0.11755457390108115
3687248,0.025941827499732846
3687249,0.5341942581940144
3687250,0.5907665508952912
3687251,0.020975448398703137
3687252,0.016889952297296652
3687253,0.023045621752798787
3687254,0.7836138642714778
3687255,0.017775579010122458
3687256,0.008149786114195262
3687257,0.25077442670121625
3687258,0.1707699415938616
3687259,0.1193455494375335
3687260,0.03723918978394903
3687261,0.8976054133557673
3687262,0.00895037309040404
3687263,0.04043056823336184
3687264,0.060823552875600144
3687265,0.23191535691099593
3687266,0.7475535453432208
3687267,0.3510880771849886
3687268,0.6908615048725272
3687269,0.008580800351953717
3687270,0.055512226569569265
3687271,0.3250472206538874
3687272,0.19532380511718925
3687273,0.07103265349819213
3687274,0.04580744183865203
3687275,0.02594299810711455
3687276,0.04017292945898595
3687277,0.013323104016880041
3687278,0.017886450487632998
3687279,0.005881983470089742
3687280,0.011134737685740297
3687281,0.0061965536276038895
3687282,0.04179972380529635
3687283,0.012082404586602768
3687284,0.02103917973657013
3687285,0.9136712016874988
3687286,0.013082474972013385
3687287,0.009583350180363479
3687288,0.007953274659795777
3687289,0.9173938140364114
3687290,0.010005455855416047
3687291,0.0749689564429444
3687292,0.12530014654799912
3687293,0.027375697376078548
3687294,0.02641597921148775
3687295,0.009738003064485159
3687296,0.7540472329904672
3687297,0.009657609272015259
3687298,0.13072106770966996
3687299,0.22060638666938193
3687300,0.015967580969535204
3687301,0.018977634595256546
3687302,0.02639511267550986
3687303,0.2998165011664027
3687304,0.020769110745360406
3687305,0.03428353211738428
3687306,0.0447842097608783
3687307,0.08111396382975328
3687308,0.0893088826412573
3687309,0.544088647277706
3687310,0.026537411462900718
3687311,0.22570340135693456
3687312,0.29302854540026224
3687313,0.06995254547064052
3687314,0.02147884548638134
3687315,0.02148166303462429
3687316,0.01931185705194007
3687317,0.27850671686937123
3687318,0.45649380547370844
3687319,0.02820772249270294
3687320,0.8584185435654357
3687321,0.05783956530362453
3687322,0.19208045241098448
3687323,0.08079495801326672
3687324,0.16428372818950965
3687325,0.24375186231728807
3687326,0.015177653593352106
3687327,0.057520666785206565
3687328,0.009811866729363995
3687329,0.12594765571110186
3687330,0.02632923065953759
3687331,0.08498624727043486
3687332,0.07207494877229564
3687333,0.40004035872751376
3687334,0.38173015863586796
3687335,0.011647176414959354
3687336,0.00801387670686527
3687337,0.015940382181268017
3687338,0.10403525107249473
3687339,0.027174982557036435
3687340,0.11157006970654935
3687341,0.632044884886981
3687342,0.780988686377774
3687343,0.03183891916472659
3687344,0.023332884542036685
3687345,0.01772638583688689
3687346,0.9061391513245309
3687347,0.02819596161386044
3687348,0.006681529826714209
3687349,0.12493585429078288
3687350,0.022214929982704273
3687351,0.9202193862218241
3687352,0.8796523865487488
3687353,0.7563803555247148
3687354,0.018101650128853147
3687355,0.45132059213846587
3687356,0.02740665653504724
3687357,0.06935746340066978
3687358,0.36430432925291595
3687359,0.18311942022261907
3687360,0.15393895513489042
3687361,0.02848459905391082
3687362,0.015240270234310783
3687363,0.007454575311104976
3687364,0.02338477578562389
3687365,0.02623525118272506
3687366,0.7454021054767286
3687367,0.07632116404886652
3687368,0.009616142298511685
3687369,0.7449651147448964
3687370,0.018559474868549745
3687371,0.9137145282435473
3687372,0.7246117395552107
3687373,0.020508155903587552
3687374,0.06874030058008038
3687375,0.03717360272209138
3687376,0.6469332725962179
3687377,0.016912160623329245
3687378,0.012320118124609317
3687379,0.03285409839106205
3687380,0.013144754914829538
3687381,0.24194501563692458
3687382,0.2712362467795655
3687383,0.02797898032300838
3687384,0.005996875150236227
3687385,0.07754176308629868
3687386,0.03278147376786078
3687387,0.013884675055610297
3687388,0.005661484589094742
3687389,0.052400084555508056
3687390,0.008601702593078013
3687391,0.9435389888635437
3687392,0.1980483036366187
3687393,0.012782069451609106
3687394,0.045365206010865564
3687395,0.010995311902459164
3687396,0.020749893456684182
3687397,0.020878769538329955
3687398,0.024304973410386684
3687399,0.017648179092121817
3687400,0.21089642598679476
3687401,0.045814678791915225
3687402,0.04807033061300865
3687403,0.6776586789778114
3687404,0.08845880670639805
3687405,0.014996151875272324
3687406,0.36708669003440714
3687407,0.051628343465008164
3687408,0.13584911221985937
3687409,0.009683199278266467
3687410,0.6782384989033163
3687411,0.43788560745777294
3687412,0.9131828207753222
3687413,0.012354838924144497
3687414,0.013206861424979358
3687415,0.07172685379839287
3687416,0.027034106974346394
3687417,0.02516738499732539
3687418,0.006330647225509616
3687419,0.1408299981996502
3687420,0.021232414220879077
3687421,0.014384061938969673
3687422,0.12060043292740429
3687423,0.10568631421405966
3687424,0.021476949011462486
3687425,0.025669705968675675
3687426,0.8663180165510632
3687427,0.8319546377491772
3687428,0.20070448241786482
3687429,0.02360696575913649
3687430,0.8830037712454594
3687431,0.08721396885491528
3687432,0.01682226887369262
3687433,0.0602181242792999
3687434,0.6002099932457704
3687435,0.02436302110202683
3687436,0.09877321804943537
3687437,0.061157179279810354
3687438,0.08250439352252367
3687439,0.19002061371992218
3687440,0.0077542736512634484
3687441,0.015216527013075123
3687442,0.0099487210120229
3687443,0.09487882197093549
3687444,0.054954520074916344
3687445,0.3146175154742641
3687446,0.11459584540875971
3687447,0.8483352503009712
3687448,0.019191993427841298
3687449,0.021826932669092605
3687450,0.605818757672764
3687451,0.15538271589221112
3687452,0.025815325538667125
3687453,0.018592106442472764
3687454,0.007266175385180283
3687455,0.01068040946824024
3687456,0.019086698155875485
3687457,0.0224397780236762
3687458,0.016947043543411942
3687459,0.008322472055102661
3687460,0.025023156632882643
3687461,0.0993234667828971
3687462,0.013083577071513969
3687463,0.13222541754007058
3687464,0.056700766127456656
3687465,0.46342248210850995
3687466,0.29429801777775094
3687467,0.06125601681341188
3687468,0.0808412531838821
3687469,0.14554303630985305
3687470,0.03446512389903433
3687471,0.14593626273555915
3687472,0.1862477639666062
3687473,0.6717624824985827
3687474,0.0620771106657439
3687475,0.09395430001026807
3687476,0.008776284254762054
3687477,0.01278560742802961
3687478,0.019025514151558693
3687479,0.1414592057096034
3687480,0.08776881347782907
3687481,0.01018713544868133
3687482,0.06382345394389677
3687483,0.05345887955793015
3687484,0.026857315046049584
3687485,0.12946909724390068
3687486,0.02034633273162537
3687487,0.08583659596523474
3687488,0.08305216594827625
3687489,0.9440217568005038
3687490,0.07187288272063395
3687491,0.8731271255120912
3687492,0.010489740188058259
3687493,0.09635334548510413
3687494,0.03724709408705357
3687495,0.4918596460610256
3687496,0.009722825802728235
3687497,0.3072197857196195
3687498,0.03906705187882677
3687499,0.014839227740118534
3687500,0.11799289890005842
3687501,0.02034449424074558
3687502,0.01079291631932456
3687503,0.06032589573408162
3687504,0.029266084548522715
3687505,0.028896874896212118
3687506,0.023369604048548213
3687507,0.03888625989573339
3687508,0.9842416920221838
3687509,0.025102750949529604
3687510,0.13764834740504442
3687511,0.042002643626694224
3687512,0.12325694872387971
3687513,0.010756513232161027
3687514,0.060027995332731066
3687515,0.030945318872972086
3687516,0.03211309827171445
3687517,0.042414524773153085
3687518,0.07364135083911917
3687519,0.025649337896657777
3687520,0.05606685516750705
3687521,0.013685123053057378
3687522,0.529156965076094
3687523,0.157269218578678
3687524,0.022930058630386524
3687525,0.05030996598559155
3687526,0.2014964446597704
3687527,0.32874052601054177
3687528,0.0755092801260448
3687529,0.027322534639716938
3687530,0.5263147215555517
3687531,0.02468048050914654
3687532,0.04153299172481664
3687533,0.04760653189472884
3687534,0.08129341961849831
3687535,0.029699121933801954
3687536,0.008463528287558173
3687537,0.0319218777646508
3687538,0.9185507893011597
3687539,0.022175097890028576
3687540,0.059317490859971324
3687541,0.07547662073509742
3687542,0.012448266276409202
3687543,0.09523370408023352
3687544,0.01497877635387099
3687545,0.02258013220846472
3687546,0.007370155535124552
3687547,0.04933591980353577
3687548,0.03516194010658641
3687549,0.022047699601176418
3687550,0.3883608422898227
3687551,0.07149494519750692
3687552,0.03982577368312259
3687553,0.018948052129088615
3687554,0.7677588085320413
3687555,0.26922190424202475
3687556,0.06091695419717008
3687557,0.035630808128075744
3687558,0.008332234874617518
3687559,0.03518852979496191
3687560,0.040221408360489735
3687561,0.011651831678121633
3687562,0.024976921968441243
3687563,0.010470315609405284
3687564,0.8858622229647811
3687565,0.7642591248191053
3687566,0.01571155699107085
3687567,0.015360559710721642
3687568,0.2109831181340701
3687569,0.0627578624104323
3687570,0.028417608383460326
3687571,0.9148196120015686
3687572,0.26642353849851325
3687573,0.021291190938890155
3687574,0.03865124201165211
3687575,0.7303401053922459
3687576,0.013355394785413722
3687577,0.007431563851152893
3687578,0.029874733109132093
3687579,0.006874870575051943
3687580,0.5712731262860498
3687581,0.09893421763488483
3687582,0.010172609249727859
3687583,0.11599210986748071
3687584,0.03469502183272537
3687585,0.48958554611794974
3687586,0.020799766420972737
3687587,0.41246164709732824
3687588,0.030221998621051193
3687589,0.3193092978819754
3687590,0.013110358445681381
3687591,0.1419444803659531
3687592,0.07273497427456976
3687593,0.03190681006484312
3687594,0.0759027444722036
3687595,0.02502689800250943
3687596,0.042568357944604805
3687597,0.02192339227380955
3687598,0.019871620655964154
3687599,0.007250654416809872
3687600,0.039914470391809814
3687601,0.9263423618229688
3687602,0.01873267028245757
3687603,0.29986496829120257
3687604,0.008201652036472674
3687605,0.03882392989011738
3687606,0.010159002483354069
3687607,0.006550358055956331
3687608,0.13665926929186403
3687609,0.04828135741675022
3687610,0.054396324794470916
3687611,0.025908458108556204
3687612,0.03670034543961229
3687613,0.09884151217367469
3687614,0.03893618782389056
3687615,0.18304715286997505
3687616,0.08124362100209337
3687617,0.018082095228879578
3687618,0.020182761977886033
3687619,0.03463424625265936
3687620,0.019242875643174916
3687621,0.03924249337715796
3687622,0.011771219427538674
3687623,0.7123719190813931
3687624,0.06509036686506216
3687625,0.0688610892590042
3687626,0.07708550787187046
3687627,0.11915969194665495
3687628,0.026730260119279394
3687629,0.015848840133143735
3687630,0.6651837067706671
3687631,0.5011461353291178
3687632,0.033137323004797894
3687633,0.0660018222828249
3687634,0.16643542756715668
3687635,0.024411462653039992
3687636,0.017106347052131033
3687637,0.030899459343231118
3687638,0.0308705506045869
3687639,0.9856851016422044
3687640,0.8895808706706245
3687641,0.9441235609960841
3687642,0.01007076545526423
3687643,0.5348998473583406
3687644,0.25590448744412003
3687645,0.013751965262843946
3687646,0.016275777793962738
3687647,0.5136398511691903
3687648,0.4545868359512203
3687649,0.3675906146307588
3687650,0.03536989378936318
3687651,0.8889827527785283
3687652,0.7171095422998148
3687653,0.08365803379251911
3687654,0.0455400109537981
3687655,0.07406956755795793
3687656,0.8382593440516913
3687657,0.09894798152796565
3687658,0.2262197595204507
3687659,0.027744563083532917
3687660,0.028004141259265314
3687661,0.008165074537865467
3687662,0.1411554105420976
3687663,0.07819673774784802
3687664,0.8492261121498398
3687665,0.0292487703241232
3687666,0.044653039813717196
3687667,0.023248569854079446
3687668,0.08365657055196121
3687669,0.01665377230972338
3687670,0.024255280463137487
3687671,0.023912915095084038
3687672,0.08031027352409276
3687673,0.7121003247799246
3687674,0.46157887137466164
3687675,0.06949604543989395
3687676,0.01566618160463804
3687677,0.21771136961784374
3687678,0.19090878493147515
3687679,0.8944712651183216
3687680,0.011669500511113175
3687681,0.6358602683530048
3687682,0.04747451837120645
3687683,0.9161414298769236
3687684,0.02798375691352098
3687685,0.47599954167423386
3687686,0.040918007268657935
3687687,0.13634128228261208
3687688,0.7919376484908253
3687689,0.9622531356409257
3687690,0.03542543419783627
3687691,0.650689230181828
3687692,0.9367657770530154
3687693,0.2114650632888728
3687694,0.025017437626451196
3687695,0.06318877468288094
3687696,0.013908368035182295
3687697,0.009436984595135346
3687698,0.034553216297922885
3687699,0.011879180999939894
3687700,0.127180213722546
3687701,0.015892990723739564
3687702,0.008249644422061213
3687703,0.08961494380066173
3687704,0.04066472169978892
3687705,0.018809382295583755
3687706,0.025557593417313312
3687707,0.07515593445908017
3687708,0.26238125071368146
3687709,0.017607211755280405
3687710,0.01065621543412168
3687711,0.03252129608114419
3687712,0.016119543525145826
3687713,0.025440652417213373
3687714,0.01616822846924513
3687715,0.055014345106300246
3687716,0.0501905682605937
3687717,0.016525431420332585
3687718,0.05067202647701508
3687719,0.3205678733073688
3687720,0.03968525932224224
3687721,0.06901149972211738
3687722,0.00849678646240038
3687723,0.03277185205126387
3687724,0.11310750269141742
3687725,0.009577243593842842
3687726,0.02534996579594003
3687727,0.910051673227811
3687728,0.02367302457210238
3687729,0.021853835641094756
3687730,0.043574091187320245
3687731,0.036341785859470135
3687732,0.22950051786792092
3687733,0.006038786373243266
3687734,0.08313614932391908
3687735,0.4928729350933288
3687736,0.7177761639420539
3687737,0.04867292058627293
3687738,0.9187010688164323
3687739,0.014017426506865544
3687740,0.6287050220890876
3687741,0.04445734501504695
3687742,0.011544661254832514
3687743,0.055817589557384514
3687744,0.03766134677468245
3687745,0.028438403780793698
3687746,0.05380261420131005
3687747,0.026647457398304472
3687748,0.7423206494056824
3687749,0.9879843120190173
3687750,0.9644407307275469
3687751,0.008164041274953399
3687752,0.546176074931597
3687753,0.08629087962181435
3687754,0.04715835106039993
3687755,0.06069370265038594
3687756,0.011532932569090926
3687757,0.018105287183074924
3687758,0.007556719384544901
3687759,0.8742576283935213
3687760,0.022166868725025636
3687761,0.6995362895838327
3687762,0.11588978728762868
3687763,0.02615682121908371
3687764,0.18206782377189096
3687765,0.038258259797660676
3687766,0.9369511561921448
3687767,0.013870679357895994
3687768,0.4494547476111619
3687769,0.02128250117865665
3687770,0.8626243567568743
3687771,0.9752905803559359
3687772,0.4495535937792009
3687773,0.016125782603715413
3687774,0.5451636665379472
3687775,0.018732966602033024
3687776,0.03150321868669556
3687777,0.012370939847697526
3687778,0.014217855669417988
3687779,0.13525655494873762
3687780,0.09022940053919119
3687781,0.028318406446616866
3687782,0.9146538306184382
3687783,0.7344982078954083
3687784,0.044900394245057054
3687785,0.8249153197287467
3687786,0.019364892561146048
3687787,0.07810437578966065
3687788,0.6536231196087878
3687789,0.013489660184039833
3687790,0.02536142851045386
3687791,0.027591083172991006
3687792,0.2318725398103158
3687793,0.020455411716544716
3687794,0.009754453979301532
3687795,0.026968766043065643
3687796,0.0530129820434278
3687797,0.6107213935050604
3687798,0.07960550125405991
3687799,0.025381592165317598
3687800,0.022947665033745866
3687801,0.0257450581525739
3687802,0.022029059153166025
3687803,0.01262672800589748
3687804,0.08583227858578267
3687805,0.025209285383711935
3687806,0.12570392290451773
3687807,0.017566357855793302
3687808,0.06316693151391306
3687809,0.015297599025654467
3687810,0.013887960797314573
3687811,0.011448236126732264
3687812,0.018902572247449977
3687813,0.9566407737473883
3687814,0.37620825400232083
3687815,0.013527904158097305
3687816,0.047499317388744515
3687817,0.9851649375465514
3687818,0.030437463232455532
3687819,0.01342667558288647
3687820,0.006719091020065579
3687821,0.018172218643128783
3687822,0.09207181803328549
3687823,0.0073925768845307695
3687824,0.03462264459406965
3687825,0.0664209015910186
3687826,0.04789306640925544
3687827,0.07085141222643597
3687828,0.8131651739520409
3687829,0.9373636008296163
3687830,0.8514434137179345
3687831,0.653693743187894
3687832,0.08332415123906922
3687833,0.10890982845386205
3687834,0.04059281799326154
3687835,0.08101148541633055
3687836,0.7780588923498208
3687837,0.21294432125035337
3687838,0.4272645660017612
3687839,0.07827483204954286
3687840,0.017341013802078403
3687841,0.9515165311726368
3687842,0.06312832927828495
3687843,0.7551071780909124
3687844,0.14703944427865823
3687845,0.05282373982869853
3687846,0.039020630555155825
3687847,0.15102456831437444
3687848,0.07133063717735097
3687849,0.8177490178658056
3687850,0.02651721070151413
3687851,0.1530990984868662
3687852,0.036632323448787724
3687853,0.02207611946122855
3687854,0.01613130130913074
3687855,0.6952113163249994
3687856,0.5734289894068457
3687857,0.10191061289266219
3687858,0.03174147675419773
3687859,0.8671378867833569
3687860,0.030470471505450084
3687861,0.1334498941795549
3687862,0.024311124779318436
3687863,0.061526858360819586
3687864,0.057715304582136785
3687865,0.027138430951976905
3687866,0.03371458206440921
3687867,0.10236815415163783
3687868,0.02812103489635418
3687869,0.0937217895598103
3687870,0.03041442924935589
3687871,0.01768921798557238
3687872,0.012279423673952284
3687873,0.018235421608239388
3687874,0.242666921949254
3687875,0.10456021661855176
3687876,0.34161746460728337
3687877,0.9619355198223869
3687878,0.8325363420580381
3687879,0.8490920968778941
3687880,0.03490420454326584
3687881,0.07512481479025204
3687882,0.2834181294920527
3687883,0.05341303080781447
3687884,0.01977609932343908
3687885,0.04108668284948189
3687886,0.015164150523131095
3687887,0.01302754157732059
3687888,0.3435894148488276
3687889,0.8943592299133892
3687890,0.9610299974570337
3687891,0.012527756916030744
3687892,0.2422121951264352
3687893,0.34431430022264503
3687894,0.010764581735337338
3687895,0.01936041655306316
3687896,0.06316136069831169
3687897,0.037644790261806046
3687898,0.11505609534455317
3687899,0.04342624899715639
3687900,0.4665790745423834
3687901,0.03504332172574179
3687902,0.03529843674210953
3687903,0.03587264003297388
3687904,0.03504064657588104
3687905,0.07110807540970993
3687906,0.055173493918389604
3687907,0.018160384868862522
3687908,0.6015417881621721
3687909,0.6345470502223037
3687910,0.06030589834446872
3687911,0.56015477263722
3687912,0.011193334571369803
3687913,0.7568867531561668
3687914,0.8776712571671301
3687915,0.05410327056501742
3687916,0.011420785069285871
3687917,0.010675017245906856
3687918,0.03714363590340534
3687919,0.047485584049182725
3687920,0.32331626143677455
3687921,0.01774362846839711
3687922,0.31979843677548814
3687923,0.385551109452635
3687924,0.023223478070547858
3687925,0.7759766660095981
3687926,0.014032258978518578
3687927,0.8278016467227883
3687928,0.0214910525822121
3687929,0.768056339550779
3687930,0.89097790809852
3687931,0.009634723766995174
3687932,0.2829269677548985
3687933,0.0045932663330535885
3687934,0.04767834227883081
3687935,0.012310596047722208
3687936,0.026533451532881707
3687937,0.017757062403774424
3687938,0.021138611650917426
3687939,0.030888807152933732
3687940,0.8174443420046883
3687941,0.013544802506581067
3687942,0.012464070412302464
3687943,0.034719030562081844
3687944,0.02996673175845331
3687945,0.028862132373650436
3687946,0.009173169695065406
3687947,0.015624199379446547
3687948,0.6455113748091476
3687949,0.8777297838370276
3687950,0.15397667900456355
3687951,0.021305523173990943
3687952,0.02141925371673857
3687953,0.028484068376521378
3687954,0.029652648260926954
3687955,0.02168570895948671
3687956,0.026701684966402697
3687957,0.8412019165020899
3687958,0.06569722092932892
3687959,0.04771275605720106
3687960,0.05131572149972235
3687961,0.026947936377744765
3687962,0.08544297372021437
3687963,0.022302010032595534
3687964,0.019044072377492477
3687965,0.006998448974485919
3687966,0.018718209176172375
3687967,0.014817688948251861
3687968,0.25020148744809617
3687969,0.04482384985664104
3687970,0.09471433408686315
3687971,0.05676740267296088
3687972,0.03697158179181603
3687973,0.012515547003449007
3687974,0.13802678849710803
3687975,0.01749528480583453
3687976,0.00842828188839087
3687977,0.09429112774795917
3687978,0.7012326144398531
3687979,0.6947626562385745
3687980,0.7940283429470597
3687981,0.007485941763106615
3687982,0.09414557415057598
3687983,0.06776378067321442
3687984,0.01015263328451302
3687985,0.08252236027308124
3687986,0.06481869156567167
3687987,0.013268624850880664
3687988,0.014845087393383916
3687989,0.02156388090678845
3687990,0.9256923915120809
3687991,0.25917884177747297
3687992,0.043118171177640295
3687993,0.023037438183518624
3687994,0.986387201619181
3687995,0.05647886324242299
3687996,0.05258474304232913
3687997,0.02155361085020147
3687998,0.053390037550963915
3687999,0.01663202463844578
3688000,0.008424988036635524
3688001,0.8242891228077553
3688002,0.03276417795530558
3688003,0.9334876105164371
3688004,0.011841746366953771
3688005,0.07326635330802725
3688006,0.8149043267168821
3688007,0.02779589098460362
3688008,0.28341145726969325
3688009,0.010959737084607322
3688010,0.013802263937149332
3688011,0.011602786962258575
3688012,0.05874697047482458
3688013,0.7057086368388149
3688014,0.011286975123711629
3688015,0.7536659987784485
3688016,0.9254754514631363
3688017,0.442501180169078
3688018,0.03038860487227473
3688019,0.01076553024505172
3688020,0.019137995036008153
3688021,0.11872371503994632
3688022,0.007537613215044704
3688023,0.7956034520464785
3688024,0.09570845578572053
3688025,0.011896306863410247
3688026,0.9807337727251298
3688027,0.018985094322373632
3688028,0.07587779804094238
3688029,0.02318793528109284
3688030,0.007889849710537843
3688031,0.03750833736571241
3688032,0.6298970908458339
3688033,0.09354645230439497
3688034,0.035884188891067766
3688035,0.029277429621685554
3688036,0.8143030498489705
3688037,0.07805975144823271
3688038,0.1339542911713607
3688039,0.012008979326870235
3688040,0.044164311631849806
3688041,0.009262410521505796
3688042,0.043424575235542925
3688043,0.007562759254428172
3688044,0.7666820958575065
3688045,0.011430200599140978
3688046,0.4216222958537102
3688047,0.02132714026838897
3688048,0.03332053163086385
3688049,0.008814568279933438
3688050,0.04326080957987191
3688051,0.01724689060931887
3688052,0.9301247400084844
3688053,0.03808481432658528
3688054,0.14292041381977463
3688055,0.010486513066638843
3688056,0.012873432001108041
3688057,0.016760526941519156
3688058,0.18218454920535385
3688059,0.04051683477851637
3688060,0.008525020297720069
3688061,0.6422736918788973
3688062,0.017230090958247728
3688063,0.031046808174265472
3688064,0.8395700965375705
3688065,0.472903013750775
3688066,0.07136070667889408
3688067,0.01764231011494593
3688068,0.023918615170246835
3688069,0.24972598639564025
3688070,0.07566873743539099
3688071,0.014172146259656076
3688072,0.2968052856523689
3688073,0.18937191368991216
3688074,0.0349596476739671
3688075,0.034044791634938044
3688076,0.01918328826515228
3688077,0.5938423049549161
3688078,0.7015022601537709
3688079,0.03606571301858666
3688080,0.02212703868970295
3688081,0.06311214679916119
3688082,0.017840193398805763
3688083,0.008580868449565368
3688084,0.561637156203928
3688085,0.042078301466202436
3688086,0.04071392199562482
3688087,0.14363564988531455
3688088,0.8321641452346469
3688089,0.029293096437108836
3688090,0.17794846635397504
3688091,0.16797794338080443
3688092,0.026015712949556558
3688093,0.5997438562072327
3688094,0.07395158336172561
3688095,0.0250233481598271
3688096,0.9280006081670102
3688097,0.03258217566391127
3688098,0.7854644174586088
3688099,0.012302893549604416
3688100,0.9348542922849469
3688101,0.16700569780417301
3688102,0.03515919659168243
3688103,0.025738646318712755
3688104,0.01420421602255182
3688105,0.007917775384568178
3688106,0.6164426359324744
3688107,0.10882864025141419
3688108,0.06791545349737463
3688109,0.09017781779926495
3688110,0.020285346179437974
3688111,0.8431966494965524
3688112,0.02056616115569019
3688113,0.013916842476410545
3688114,0.020653093302910496
3688115,0.0456626051465958
3688116,0.01545578565953586
3688117,0.27035066166096217
3688118,0.021797878709710818
3688119,0.01011385798006529
3688120,0.008336657525018033
3688121,0.025204260862847848
3688122,0.05298230813786002
3688123,0.28969928222369723
3688124,0.026649521379548194
3688125,0.0793183416456848
3688126,0.029758626808421507
3688127,0.008155872299350438
3688128,0.12463922264852938
3688129,0.015004608850851895
3688130,0.10207800178870353
3688131,0.9864196045266451
3688132,0.015318208512937859
3688133,0.06809399981324092
3688134,0.12508136028912306
3688135,0.07545748729757787
3688136,0.14171751268676638
3688137,0.012783052653436218
3688138,0.02052875915216085
3688139,0.9251396600347789
3688140,0.3700285411234368
3688141,0.06363530003425655
3688142,0.12281062176366844
3688143,0.008214960148049927
3688144,0.8414454297198465
3688145,0.03329030415613163
3688146,0.029053708264229025
3688147,0.053250314982080355
3688148,0.02660826466291561
3688149,0.5751145173356609
3688150,0.9539164171874099
3688151,0.05411864639813726
3688152,0.9412111976322121
3688153,0.057586597174045816
3688154,0.029566273088752402
3688155,0.017238609637724583
3688156,0.06541552808838497
3688157,0.02734252606144609
3688158,0.0165950624138836
3688159,0.2416602638653731
3688160,0.8593089645664113
3688161,0.07723305691685992
3688162,0.01315240176892031
3688163,0.01622170430758886
3688164,0.11896703327344585
3688165,0.027729345987650908
3688166,0.024129102312358108
3688167,0.020242561278975005
3688168,0.020149943497115005
3688169,0.7983186619870511
3688170,0.012730066047392796
3688171,0.029027546018981942
3688172,0.9530129298982389
3688173,0.41700453325168085
3688174,0.9926536779873701
3688175,0.024690327836659573
3688176,0.03254854813869067
3688177,0.3799532465250203
3688178,0.02153476543031581
3688179,0.017645927176553094
3688180,0.4967976918768059
3688181,0.048132929052146216
3688182,0.0217779530218169
3688183,0.014722802368058924
3688184,0.02409461415171815
3688185,0.018052652111396412
3688186,0.012769667556886136
3688187,0.06342848374941236
3688188,0.886474791535526
3688189,0.009313924792740937
3688190,0.09267009235949589
3688191,0.7755885184967388
3688192,0.2090049442110448
3688193,0.023091985087990527
3688194,0.02405487868552515
3688195,0.020876595925585963
3688196,0.2507909823050928
3688197,0.01489847949886865
3688198,0.02050965972778923
3688199,0.03503484122892704
3688200,0.03750600483046444
3688201,0.018238972556547127
3688202,0.013591437477723534
3688203,0.05686093055929481
3688204,0.0239233331577423
3688205,0.026596439348608454
3688206,0.026090271722122305
3688207,0.032804426855678685
3688208,0.021422538371077667
3688209,0.8747684755781369
3688210,0.15148481978820713
3688211,0.055472454244279164
3688212,0.2915680782992497
3688213,0.9099026799432789
3688214,0.007289465346003442
3688215,0.016510640294561695
3688216,0.8202840489473033
3688217,0.014091452053328391
3688218,0.026456823778643924
3688219,0.43860472542769496
3688220,0.12356329167286516
3688221,0.08693225945701126
3688222,0.016099672071949674
3688223,0.023759526016014082
3688224,0.08589401206957001
3688225,0.7865942079986976
3688226,0.02411413100623341
3688227,0.1291775802611098
3688228,0.1339197765671658
3688229,0.46306852193186127
3688230,0.02383558751041417
3688231,0.05820865966960939
3688232,0.0453917976897157
3688233,0.5393297848282937
3688234,0.01375140816169538
3688235,0.01512532623373459
3688236,0.16312657765412725
3688237,0.08345532210007402
3688238,0.254804722842317
3688239,0.03001622456005802
3688240,0.029162032292518635
3688241,0.027299208414581843
3688242,0.018829770364395832
3688243,0.9090473503037562
3688244,0.9691844363306276
3688245,0.039451757264115095
3688246,0.7411073817808659
3688247,0.4041504977563726
3688248,0.01654908048845811
3688249,0.011670813329967543
3688250,0.7990580068193894
3688251,0.01777486165653948
3688252,0.022158461760293145
3688253,0.009004090643839722
3688254,0.3824233141749564
3688255,0.020298153415908834
3688256,0.03125236128583298
3688257,0.0471133984176479
3688258,0.018053574469000452
3688259,0.06563993329328513
3688260,0.027508370423549183
3688261,0.10258121358505366
3688262,0.036051755654898245
3688263,0.056977077847439384
3688264,0.035366420604426005
3688265,0.010310669206782384
3688266,0.011620707553361878
3688267,0.09733316007989676
3688268,0.2238566716187979
3688269,0.7617417854542091
3688270,0.7925924992986021
3688271,0.031617033698347126
3688272,0.8230413115117247
3688273,0.8796468094516025
3688274,0.04840451168203492
3688275,0.01705825674678379
3688276,0.3284088130093816
3688277,0.044401187046504656
3688278,0.043412157792745244
3688279,0.10149664156888981
3688280,0.9059693176698206
3688281,0.027466541623908255
3688282,0.008404355881012644
3688283,0.1262987306397618
3688284,0.03290488090976016
3688285,0.051242459534383444
3688286,0.017801218702823092
3688287,0.02117096249144805
3688288,0.02004656369235444
3688289,0.358893343809144
3688290,0.11938012247885083
3688291,0.49413729143153035
3688292,0.03546993062094485
3688293,0.026443752813176638
3688294,0.018192570735348117
3688295,0.04773397886853161
3688296,0.013032875125373574
3688297,0.025217766419321087
3688298,0.05643540410418381
3688299,0.139705526552341
3688300,0.07207044473506513
3688301,0.01623214681590681
3688302,0.9780518056543293
3688303,0.8033622017087922
3688304,0.009216062399197318
3688305,0.21573362612980804
3688306,0.008414838459351058
3688307,0.012116828411209398
3688308,0.02413600919442725
3688309,0.499420154161191
3688310,0.5214472013688078
3688311,0.02481868056806806
3688312,0.08084915190903742
3688313,0.013745135795828645
3688314,0.030124489319724702
3688315,0.00572610415209932
3688316,0.8726824709269936
3688317,0.024355635276390168
3688318,0.056653913771530784
3688319,0.007957379948508826
3688320,0.05059806920147859
3688321,0.018887912968654236
3688322,0.008252591131170167
3688323,0.048203805885509696
3688324,0.06809284796721722
3688325,0.10633329721385738
3688326,0.005873999288493286
3688327,0.012379833647464674
3688328,0.010962470277871162
3688329,0.010048398467827034
3688330,0.02352643366054316
3688331,0.05551497591502162
3688332,0.025928886585766378
3688333,0.4118288289592266
3688334,0.054218905374580954
3688335,0.9855865922783207
3688336,0.011512386518132942
3688337,0.016804579453725998
3688338,0.024254386766436025
3688339,0.9662937277089686
3688340,0.014514282599267358
3688341,0.7402381778595077
3688342,0.008261100226596452
3688343,0.028280905881850824
3688344,0.03241770674415711
3688345,0.012137262861886945
3688346,0.17311191507145374
3688347,0.7852310649672745
3688348,0.8478571904577336
3688349,0.6004690235832062
3688350,0.5576800816245825
3688351,0.05208803573390441
3688352,0.03242438033913414
3688353,0.022111487222845765
3688354,0.008899780871755528
3688355,0.011046513878473342
3688356,0.05823733212250176
3688357,0.029679710725929474
3688358,0.03874639318600458
3688359,0.0213524993006959
3688360,0.014144346096948125
3688361,0.9833100722894251
3688362,0.09650929760289068
3688363,0.7243725806559029
3688364,0.9618609534487107
3688365,0.9956887228050603
3688366,0.01847470362922148
3688367,0.8333787400721626
3688368,0.026628694645905504
3688369,0.01158098684513655
3688370,0.14638634880134402
3688371,0.007004088768822059
3688372,0.8660645687044387
3688373,0.07269542089730116
3688374,0.11739031811362345
3688375,0.012765999450585815
3688376,0.1029192913721562
3688377,0.021391823327014916
3688378,0.8909158187937467
3688379,0.623403979977701
3688380,0.02702857211689357
3688381,0.00923233258555373
3688382,0.30836613682806985
3688383,0.03991667393154267
3688384,0.02544288597556141
3688385,0.05871164219444659
3688386,0.38448216221965004
3688387,0.6798905141510259
3688388,0.113137036114005
3688389,0.008914092301388338
3688390,0.8575949306456243
3688391,0.8250866493235003
3688392,0.018610730080639494
3688393,0.25530324154178896
3688394,0.03085839001224787
3688395,0.020751738192686872
3688396,0.022831567010975842
3688397,0.49088630477913875
3688398,0.017047165237724447
3688399,0.015170161679613419
3688400,0.057656117563976886
3688401,0.915381750826053
3688402,0.9514578178567581
3688403,0.06873860852687115
3688404,0.03815398729746518
3688405,0.013909626473146952
3688406,0.037746156562157115
3688407,0.13584683488425808
3688408,0.06960171754621342
3688409,0.03397363028463794
3688410,0.040544983886021846
3688411,0.46428036689456464
3688412,0.08670486980268333
3688413,0.07688074126769179
3688414,0.025592072497709423
3688415,0.28818117392512077
3688416,0.01888878473420162
3688417,0.6329700249951928
3688418,0.017749568298595492
3688419,0.013188298516552045
3688420,0.6449756289288298
3688421,0.008118279134306893
3688422,0.07570306488006795
3688423,0.05058511432448055
3688424,0.909933656486034
3688425,0.03263089852591487
3688426,0.01202283778718088
3688427,0.0749959407034661
3688428,0.020990991543852845
3688429,0.058379582700552136
3688430,0.6976936571575044
3688431,0.032803606644831715
3688432,0.08722154668009288
3688433,0.016349812996096873
3688434,0.041895172509855166
3688435,0.2740480138945802
3688436,0.6785014454664484
3688437,0.3990114179650772
3688438,0.006302619273387535
3688439,0.09890106197417924
3688440,0.026303556844683083
3688441,0.01700185262394883
3688442,0.9499702095402905
3688443,0.04149082021461797
3688444,0.11263850776648598
3688445,0.02230583697613733
3688446,0.4020704451441764
3688447,0.8113604805469014
3688448,0.015477346132917048
3688449,0.019027358269285484
3688450,0.09764460991879365
3688451,0.049144214202833346
3688452,0.043783158720269125
3688453,0.011660932529573087
3688454,0.1298636800814987
3688455,0.027881471115803795
3688456,0.019573306028980355
3688457,0.38241173622068064
3688458,0.022590784272882324
3688459,0.10220908670078321
3688460,0.031429142702313784
3688461,0.013923119480888983
3688462,0.4718868844115927
3688463,0.03744861660040774
3688464,0.008242993544979687
3688465,0.04317515385716837
3688466,0.10303978921608525
3688467,0.1715355807816009
3688468,0.014708637298090974
3688469,0.02852375235048015
3688470,0.03648309949965659
3688471,0.6218735182423482
3688472,0.024588442990944488
3688473,0.008567747140936841
3688474,0.018265973443995644
3688475,0.040156195474362624
3688476,0.009487470966253166
3688477,0.02887922933972099
3688478,0.016744954441292977
3688479,0.010147478341271395
3688480,0.04796083692442643
3688481,0.016512829269207413
3688482,0.9096259339077639
3688483,0.05337964394406252
3688484,0.03336087388532243
3688485,0.01751233798507167
3688486,0.019700530437749067
3688487,0.022449082130394656
3688488,0.017191978155459406
3688489,0.023395738734248217
3688490,0.04355199294131011
3688491,0.09881621042918107
3688492,0.042675486980626454
3688493,0.03274032553601183
3688494,0.017963592577261663
3688495,0.27848125717479394
3688496,0.5625612086546566
3688497,0.15350482157984682
3688498,0.01637000159030509
3688499,0.023773317020929274
3688500,0.020811868596469073
3688501,0.015008300010934965
3688502,0.05983961838334482
3688503,0.42103530102674186
3688504,0.036373557430391876
3688505,0.5983830940282779
3688506,0.02048966922277356
3688507,0.06933567885877084
3688508,0.04669666144500681
3688509,0.18886266411134578
3688510,0.09670906240150126
3688511,0.023014095664332004
3688512,0.3483072083316909
3688513,0.010767946507553163
3688514,0.752541025071148
3688515,0.053274745864430484
3688516,0.01219113407256112
3688517,0.04058852911229534
3688518,0.0174298989753231
3688519,0.04933183568684295
3688520,0.0556721953738818
3688521,0.017665700362801573
3688522,0.0643982330388062
3688523,0.8347366070918132
3688524,0.023691835085125873
3688525,0.8284486767387667
3688526,0.04467908989153862
3688527,0.020617613044508508
3688528,0.04186477681276063
3688529,0.032373380913685135
3688530,0.19228143836792733
3688531,0.23532130029246087
3688532,0.018235101227742984
3688533,0.10164414993919983
3688534,0.07903208211599833
3688535,0.6079045652391126
3688536,0.24787819812601547
3688537,0.015671198148450614
3688538,0.01629994344980567
3688539,0.8018552671877258
3688540,0.010931869986156313
3688541,0.050322421120420166
3688542,0.047350418633936235
3688543,0.018195346511412643
3688544,0.013729116526524648
3688545,0.08158315215115941
3688546,0.3068637307546238
3688547,0.4237448894625975
3688548,0.23008774327641013
3688549,0.033871802064374235
3688550,0.04202600684078617
3688551,0.8752856754178935
3688552,0.8732534317284895
3688553,0.01892197959451217
3688554,0.063981014800813
3688555,0.04421911716609588
3688556,0.25958026345084173
3688557,0.028078117446887284
3688558,0.462246185089975
3688559,0.03911758359753676
3688560,0.015163389991606848
3688561,0.26457651749234284
3688562,0.012316809306456391
3688563,0.03867460402080093
3688564,0.035536743856928676
3688565,0.023518761340859038
3688566,0.03978803746623624
3688567,0.20971003800968313
3688568,0.02966416534607847
3688569,0.08002054501475339
3688570,0.012576843800059393
3688571,0.02858454800638275
3688572,0.035716502177021194
3688573,0.038918160823159534
3688574,0.02132720722003775
3688575,0.02677744531288737
3688576,0.02236763063190233
3688577,0.05387669539515516
3688578,0.013519696588351558
3688579,0.014736212034053842
3688580,0.03591766656917719
3688581,0.8723814920705601
3688582,0.036388202789792316
3688583,0.8212188664034767
3688584,0.8423566808665617
3688585,0.008027352152306017
3688586,0.022351273416295808
3688587,0.01685404170163164
3688588,0.8925348389132326
3688589,0.0971870165061343
3688590,0.003635748425965132
3688591,0.05994615356291171
3688592,0.09088293657389895
3688593,0.11898473434300375
3688594,0.043097250149984195
3688595,0.02484642403047256
3688596,0.08613547539707236
3688597,0.028289718516845953
3688598,0.03659429592980226
3688599,0.01932127437151387
3688600,0.04323481156008237
3688601,0.01612127607706338
3688602,0.018921368418869808
3688603,0.8702368182093704
3688604,0.15741511914198808
3688605,0.013383990344604645
3688606,0.03813813206648629
3688607,0.06597807130376242
